Species,longitude,latitude
Ceropegia vincifolia Hook.,72.94458,19.233765
Ceropegia vincifolia Hook.,72.963166,19.239436
Ceropegia spiralis Wight,74.815372,16.214357
Ceropegia spiralis Wight,74.497674,15.849695
Ceropegia attenuata Hook.,73.013244,19.184725
Ceropegia attenuata Hook.,73.45927,16.666363
Ceropegia attenuata Hook.,73.291278,16.946596
Ceropegia oculata Hook.,73.744579,18.242068
Ceropegia candelabrum var. biflora (L.) M.Y.Ansari,77.592371,12.895078
Ceropegia hirsuta Wight & Arn.,76.805778,10.386646
Ceropegia hirsuta Wight & Arn.,76.71758,10.378588
Ceropegia bulbosa Roxb. var. bulbosa,73.821641,18.521059
Ceropegia bulbosa Roxb. var. bulbosa,73.815384,18.52549
Ceropegia hirsuta Wight & Arn.,82.393257,22.106508
Ceropegia odorata Nimmo,73.388875,19.261165
Ceropegia odorata Nimmo,73.378359,19.263262
Ceropegia bulbosa Roxb. var. lushii (Graham) Hook.f.,73.817825,18.518711
Ceropegia attenuata Hook.,73.388553,16.466627
"Ceropegia anjanerica Malpure, M.Y.Kamble & S.R.Yadav",73.57133,19.911046
Ceropegia rollae Hemadri,73.686633,19.297575
Ceropegia odorata Nimmo,73.388875,19.261165
Ceropegia bulbosa Roxb. var. lushii (Graham) Hook.f.,73.622311,19.257888
Ceropegia jainii Ansari & B.G.Kulk.,74.011668,15.932791
Ceropegia sahyadrica Ansari & B.G. Kulk. var. sahyadrica,73.755878,18.366277
Ceropegia decaisneana Wight,75.657966,12.214813
Ceropegia elegans Wall.,76.271083,10.850516
Ceropegia intermedia Wight,76.31083,10.840516
Ceropegia wallichii Wight,79.0193,30.066753
Ceropegia candelabrum L. var. candelabrum,77.525942,12.878449
Ceropegia rollae Hemadri,73.773106,19.391816
Ceropegia panchganiensis Blatter & McCann,73.659801,18.051198
Ceropegia attenuata Hook.,73.641588,15.861986
Ceropegia attenuata Hook.,72.871792,19.232779
Ceropegia attenuata Hook.,72.913853,19.228346
Ceropegia vincifolia Hook.,72.906905,19.206086
Ceropegia attenuata Hook.,72.906712,19.206054
Ceropegia oculata Hook.,73.49989,19.152966
Ceropegia huberi Ansari,73.459242,18.475911
Ceropegia candelabrum L. var. candelabrum,77.529023,12.882808
Ceropegia media (H. Huber) M.Y.Ansari,73.752535,18.385609
Ceropegia vincifolia Hook.,73.763329,18.371761
Ceropegia bulbosa Roxb. var. lushii (Graham) Hook.f.,74.030507,18.35109
Ceropegia jainii Ansari & B.G.Kulk.,74.041585,17.492207
Ceropegia oculata Hook.,73.749067,18.369121
Ceropegia lawii Hook.f.,73.763627,19.341468
Ceropegia hirsuta Wight & Arn.,77.524998,12.878073
Ceropegia oculata Hook.,73.755876,18.366304
Ceropegia media (H. Huber) M.Y.Ansari,73.755876,18.366304
Ceropegia maccannii M.Y.Ansari,73.755876,18.366304
Ceropegia vincifolia Hook.,73.755876,18.366304
Ceropegia fantastica Sedgwick,74.007271,15.969859
Ceropegia attenuata Hook.,73.633967,15.853514
"Ceropegia anantii S.R.Yadav, Sardesai & S.P.Gaikwad",73.637996,15.857182
Ceropegia huberi Ansari,73.430544,18.446903
Ceropegia santapaui Wadhwa & Ansari,73.51899,17.542123
"Ceropegia mohanramii S.R.Yadav, M.N.Gavade & Sardesai",73.474541,16.060328
Ceropegia sahyadrica Ansari & B.G. Kulk. var. sahyadrica,73.756114,18.367728
Ceropegia maccannii M.Y.Ansari,73.756163,18.392293
Ceropegia sahyadrica Ansari & B.G. Kulk. var. sahyadrica,74.176874,16.476626
Ceropegia sahyadrica Ansari & B.G. Kulk. var. sahyadrica,73.790808,16.761431
Ceropegia attenuata Hook.,73.306281,18.851512
Ceropegia bulbosa Roxb. var. bulbosa,72.793232,19.197692
Ceropegia bulbosa Roxb. var. bulbosa,74.746143,20.81993
Ceropegia vincifolia Hook.,72.933188,19.447501
Ceropegia sahyadrica Ansari & B.G. Kulk. var. sahyadrica,73.385737,18.621234
Ceropegia hirsuta Wight & Arn.,73.988145,18.248169
Ceropegia bulbosa Roxb. var. lushii (Graham) Hook.f.,73.856744,18.52043
Ceropegia hirsuta Wight & Arn.,73.921839,18.14065
"Ceropegia anjanerica Malpure, M.Y.Kamble & S.R.Yadav",73.78961,19.999851
Ceropegia hirsuta Wight & Arn.,73.815384,18.52549
Ceropegia bulbosa Roxb. var. bulbosa,73.856744,18.52043
Ceropegia sahyadrica Ansari & B.G. Kulk. var. sahyadrica,73.856744,18.52043
Ceropegia mahabalei Hemadri & M.Y.Ansari,73.370797,18.764457
Ceropegia jainii Ansari & B.G.Kulk.,74.003571,15.964716
Ceropegia jainii Ansari & B.G.Kulk.,73.823716,17.720831
Ceropegia vincifolia Hook.,72.927189,19.445265
Ceropegia decaisneana Wight,75.713888,15.317278
Ceropegia evansii Mc Cann,73.413728,18.681518
Ceropegia panchganiensis Blatter & Mc Cann,73.708042,17.941946
Ceropegia huberi Ansari,73.410803,18.757277
Ceropegia candelabrum L. var. candelabrum,77.52856,12.881367
Ceropegia juncea Roxb.,75.676082,15.918622
Ceropegia hirsuta Wight & Arn.,73.526989,15.939297
Ceropegia fantastica Sedgwick,74.003571,15.964716
Ceropegia candelabrum L. var. candelabrum,77.526987,12.881163
Ceropegia spiralis Wight,77.21038,13.375097
Ceropegia bulbosa Roxb. var. bulbosa,77.617633,14.232145
Ceropegia spiralis Wight,77.203903,13.370692
Ceropegia candelabrum var. biflora (L.) M.Y.Ansari,77.526367,12.883924
Ceropegia hirsuta Wight & Arn.,75.725143,12.682228
Ceropegia candelabrum L. var. candelabrum,77.275822,8.698352
Ceropegia bulbosa Roxb. var. lushii (Graham) Hook.f.,75.408249,27.628584
Ceropegia candelabrum var. biflora (L.) M.Y.Ansari,77.275822,8.698352
Ceropegia spiralis Wight.,74.81562,16.159185
Ceropegia spiralis Wight,79.003772,14.126665
"Ceropegia anantii S.R.Yadav, Sardesai & S.P.Gaikwad",73.811028,16.381967
Ceropegia attenuata Hook.,73.638904,15.851414
Ceropegia attenuata Hook.,73.638904,15.851414
Boucerosia umbellata (Haw.) Wight & Arn.,79.739988,15.9129
Ceropegia fantastica Sedgwick,74.003571,15.964716
Ceropegia jainii Ansari & B.G.Kulk.,73.814758,17.720058
Ceropegia fantastica Sedgwick,74.003571,15.964716
Ceropegia candelabrum L. var. candelabrum,75.109227,13.214333
Ceropegia sahyadrica Ansari & B.G. Kulk. var. sahyadrica,73.830537,16.55467
Ceropegia oculata Hook.,73.512978,18.992087
Ceropegia vincifolia Hook.,73.823716,17.720831
Ceropegia sahyadrica Ansari & B.G. Kulk. var. sahyadrica,73.824262,16.512929
Ceropegia hirsuta Wight & Arn.,73.821344,18.519086
Ceropegia juncea Roxb.,75.028988,15.965594
Ceropegia bulbosa Roxb. var. lushii (Graham) Hook.f.,70.562,21.568
Ceropegia evansii Mc Cann,73.512978,18.992087
Ceropegia fantastica Sedgwick,74.243253,16.704987
Ceropegia vincifolia Hook.,73.87425,19.203184
Ceropegia mahabalei Hemadri & M.Y.Ansari,73.87425,19.203184
Ceropegia mahabalei Hemadri & M.Y.Ansari,73.789802,19.997453
Ceropegia rollae Hemadri,73.535694,19.071969
Ceropegia media (H. Huber) M.Y.Ansari,73.813554,17.71505
Ceropegia vincifolia Hook.,73.812657,17.715648
"Ceropegia anjanerica Malpure, M.Y.Kamble & S.R.Yadav",73.57,19.92
Ceropegia rollae Hemadri,73.535694,19.071969
Ceropegia mahabalei Hemadri & M.Y.Ansari,73.789802,19.997453
Ceropegia rollae Hemadri,73.535694,19.071969
Ceropegia mahabalei Hemadri & M.Y.Ansari,73.789802,19.997453
Ceropegia jainii Ansari & B.G.Kulk.,74.003571,15.964716
Ceropegia vincifolia Hook.,73.811881,17.721972
Ceropegia juncea Roxb.,77.617633,14.232145
Ceropegia lawii Hook.f.,73.685447,19.276822
Ceropegia lawii Hook.f.,73.530634,19.932154
Ceropegia lawii Hook.f.,73.650112,19.237132
Ceropegia attenuata Hook.,73.638904,15.851414
Ceropegia santapaui Wadhwa & Ansari,73.65,17.43
"Ceropegia anantii S.R.Yadav, Sardesai & S.P.Gaikwad",73.811028,16.381967
Ceropegia media (Huber) M.Y.Ansari,73.823716,17.720831
Ceropegia hirsuta Wight & Arn.,74.018261,17.680464
Ceropegia noorjahaniae M.A.Ansari,74.118261,17.690464
Ceropegia santapaui Wadhwa & Ansari,73.515134,17.531904
"Ceropegia mohanramii S.R.Yadav, M.N.Gavade & Sardesai",73.559413,16.349219
Ceropegia sahyadrica Ansari & B.G. Kulk. var. sahyadrica,73.391224,18.712366
Ceropegia attenuata Hook.,73.638904,15.851414
"Ceropegia anantii S.R.Yadav, Sardesai & S.P.Gaikwad",73.811028,16.381967
Ceropegia attenuata Hook.,73.638904,15.851414
Ceropegia santapaui Wadhwa & Ansari,73.515134,17.531904
Ceropegia lawii Hook.f.,73.778056,19.386389
Ceropegia rollae Hemadri,73.15,19.25
"Ceropegia anantii S.R.Yadav, Sardesai & S.P.Gaikwad",73.774538,16.367949
Ceropegia lawii Hook.f.,73.778,19.386457
Ceropegia odorata Nimmo,73.182162,18.515752
Ceropegia noorjahaniae M.A.Ansari,74.018261,17.680464
Ceropegia lawii Hook.f.,73.579332,19.931714
Ceropegia hirsuta Wight & Arn.,74.052174,17.620973
Ceropegia jainii Ansari & B.G.Kulk.,73.825842,17.723024
Ceropegia jainii Ansari & B.G.Kulk.,73.826615,17.723517
Ceropegia noorjahaniae M.A.Ansari,74.056229,17.615283
Ceropegia bulbosa Roxb. var. bulbosa,74.052191,17.620871
Ceropegia bulbosa Roxb. var. bulbosa,73.748555,19.941211
Ceropegia rollae Hemadri,73.676477,19.298229
Ceropegia lawii Hook.f.,73.619412,19.773387
Ceropegia media (H. Huber) M.Y.Ansari,73.271179,18.988659
Ceropegia media (H. Huber) M.Y.Ansari,76.516667,11.25
Ceropegia evansii McCann,73.823716,17.720831
Ceropegia hirsuta Wight & Arn.,74.063773,17.611793
Ceropegia sahyadrica Ansari & B.G. Kulk. var. sahyadrica,73.409076,18.755724
Ceropegia maccannii M.Y.Ansari,73.755878,18.366277
Ceropegia oculata Hook.,73.755878,18.366277
Ceropegia vincifolia Hook.,73.01668,19.190856
Ceropegia panchganiensis Blatter & Mc Cann,73.719261,18.107813
Ceropegia lawii Hook.f.,73.524035,19.158687
Ceropegia attenuata Hook.,73.013778,19.163355
Ceropegia media (Huber) M.Y.Ansari,73.969536,18.276569
Ceropegia oculata Hook.,73.764647,18.366597
Ceropegia oculata Hook.,73.750725,18.356503
Ceropegia hirsuta Wight & Arn.,74.063774,17.611794
Ceropegia oculata Hook.,73.974129,18.279062
"Ceropegia anjanerica Malpure, M.Y.Kamble & S.R.Yadav",73.583333,19.95
Ceropegia bulbosa Roxb. var. bulbosa,69.7234,21.7203
Ceropegia bulbosa Roxb. var. lushii (Graham) Hook.f.,69.7264,21.7172
Ceropegia hirsuta Wight & Arn.,76.456118,12.16717
Ceropegia huberi Ansari,73.459242,18.475911
"Ceropegia anjanerica Malpure, M.Y.Kamble & S.R.Yadav",73.583336,19.950001
Ceropegia lawii Hook.f.,73.591802,19.939285
Ceropegia lawii Hook.f.,73.522425,19.158331
Ceropegia vincifolia Hook.,73.021341,19.186418
Ceropegia oculata Hook.,73.969536,18.276569
Ceropegia vincifolia Hook.,73.02289,19.176082
"Ceropegia anjanerica Malpure, M.Y.Kamble & S.R.Yadav",73.57,19.92
Ceropegia rollae Hemadri,73.686633,19.297575
Ceropegia attenuata Hook.,72.906792,19.221035
Ceropegia jainii Ansari & B.G.Kulk.,73.823716,17.720831
Ceropegia juncea Roxb.,76.815691,10.447006
Ceropegia attenuata Hook.,73.3027,19.00213
Ceropegia vincifolia Hook.,73.3027,19.00213
Ceropegia attenuata Hook.,73.271179,18.988659
Ceropegia vincifolia Hook.,73.823716,17.720831
Ceropegia lucida Wall.,95.734237,27.130586
Ceropegia noorjahaniae M.A.Ansari,73.96954,17.585975
Ceropegia lucida Wall.,96.535149,27.444916
Ceropegia jainii Ansari & B.G.Kulk.,73.98333,17.68333
Ceropegia wallichii Wight,78.047337,30.470951
Ceropegia huberi Ansari,77,20
Ceropegia candelabrum L. var. candelabrum.,79.616202,22.883478
Ceropegia elegans Wall.,79.61611,22.88361
Ceropegia juncea Roxb.,77.1,20.2
Ceropegia decaisneana Wight,76.7283,11.4225
Ceropegia ensifolia Bedd.,76.99,10.3
Ceropegia hirsuta Wight & Arn.,79.61711,22.891
Ceropegia elegans Wall.,79.62611,22.89361
Ceropegia juncea Roxb.,79.63611,22.9361
Ceropegia hookeri C.B.Clarke ex Hook.f.,88.46361,27.55361
Ceropegia ciliata Wight,76.7614,11.495
Ceropegia pusilla Wight & Arn.,77.211,20.0785
Ceropegia juncea Roxb.,91.633333,25.583333
Ceropegia ciliata Wight,77.2134,20.0685
Ceropegia hookeri C.B.Clarke ex Hook.f.,88.6338,27.7307
Ceropegia ciliata Wight,77.241,20.0985
Ceropegia juncea Roxb.,77.078,20.0785
Ceropegia juncea Roxb.,75.9933,10.9977
Ceropegia rollae Hemadri,73.77,19.34
Ceropegia fantastica Sedgwick,74.13,16.1
Ceropegia juncea Roxb.,75.915,11
Ceropegia juncea Roxb.,75.99,11
Ceropegia macrantha Wight.,77,33
Ceropegia candelabrum L. var. candelabrum.,75.522862,12.380426
Ceropegia candelabrum L. var. candelabrum.,77.171819,8.680337
Ceropegia candelabrum var. biflora (L.) M.Y.Ansari,79.219374,13.81692
Ceropegia candelabrum var. biflora (L.) M.Y.Ansari,76.859713,11.044968
Ceropegia ariyittaparensis P.Biju et al.,75.310247,12.278883
"Ceropegia khasiana Murug., A.A.Mao, Meitei & Kambale",91.973715,25.859119
Ceropegia arnottiana Wight,91.366199,25.467004
Ceropegia thwaitesii Hook.,76.2711,10.8505
Ceropegia thwaitesii Hook.,78.654559,11.149052
Ceropegia mannarana P. Umam. & P. Daniel,77.877104,8.270851
Ceropegia ravikumariana Kambale & Gnanasek.,77.48388889,8.46991667
Ceropegia angustifolia Wight,91.2956,25.5692
Ceropegia angustifolia Wight,92.3814,25.3594
Ceropegia longifolia subsp. longifolia Wall.,88.474023,27.082621
Ceropegia longifolia subsp. longifolia Wall.,91.938562,25.622797
Ceropegia longifolia subsp. sinensis H. Huber,93.242305,23.906141
Ceropegia longifolia subsp. sinensis H. Huber,93.288414,23.672175
Ceropegia pubescens Wall.,88.298304,27.02365
Ceropegia bhatii S.R.Yadav & Shendage,75.720002,14.314334
Ceropegia ciliata Wight,77.058732,10.097695
Ceropegia ciliata Wight,77.066898,10.103762
Ceropegia ciliata Wight,77.018139,10.044518
Ceropegia ciliata Wight,77.126115,10.430377
Ceropegia ciliata Wight,76.769785,11.484529
Ceropegia ciliata Wight,76.763293,11.484862
Ceropegia ciliata Wight,76.767888,11.499643
Ceropegia ensifolia Bedd.,76.53826,11.060518
Ceropegia ensifolia Bedd.,77.401575,9.645666
Ceropegia ensifolia Bedd.,77.40151,9.648628
Ceropegia ensifolia Bedd.,77.401632,9.641007
Ceropegia evansii McCann,73.943533,16.137074
Ceropegia evansii McCann,73.952387,16.119821
Ceropegia evansii McCann,73.752821,17.102889
Ceropegia evansii McCann,73.749461,17.098515
Ceropegia evansii McCann,73.752936,17.115455
Ceropegia fantastica Sedgwick,74.24411,15.10758
Ceropegia fantastica Sedgwick,74.294076,15.116278
Ceropegia fantastica Sedgwick,74.31103,14.90802
Ceropegia fantastica Sedgwick,74.202903,16.13429
Ceropegia fantastica Sedgwick,74.140136,16.104611
Ceropegia fantastica Sedgwick,74.116002,16.086473
Ceropegia fantastica Sedgwick,74.052465,16.001546
Ceropegia fantastica Sedgwick,73.61243,17.110032
Ceropegia fantastica Sedgwick,73.994252,15.945876
Ceropegia hirsuta Wight & Arn.,79.188854,13.815797
Ceropegia hirsuta Wight & Arn.,74.035854,15.208009
Ceropegia hirsuta Wight & Arn.,86.179694,23.95611
Ceropegia hirsuta Wight & Arn.,74.102195,16.370383
Ceropegia hirsuta Wight & Arn.,75.724918,13.383496
Ceropegia hirsuta Wight & Arn.,75.678598,12.649571
Ceropegia hirsuta Wight & Arn.,77.677151,13.437611
Ceropegia hirsuta Wight & Arn.,76.535802,11.056308
Ceropegia hirsuta Wight & Arn.,73.88255,16.551049
Ceropegia hirsuta Wight & Arn.,74.264303,16.111674
Ceropegia hirsuta Wight & Arn.,74.212206,16.622129
Ceropegia hirsuta Wight & Arn.,74.103125,16.812425
Ceropegia hirsuta Wight & Arn.,74.237561,17.403462
Ceropegia hirsuta Wight & Arn.,73.558494,16.021145
Ceropegia hirsuta Wight & Arn.,73.818423,17.728723
Ceropegia hirsuta Wight & Arn.,74.084713,17.284951
Ceropegia hirsuta Wight & Arn.,73.626843,15.864014
Ceropegia huberi Ansari,73.796274,16.762899
Ceropegia huberi Ansari,73.807223,16.558601
Ceropegia huberi Ansari,73.830331,16.536516
Ceropegia huberi Ansari,73.828972,16.52548
Ceropegia huberi Ansari,73.832004,16.528101
Ceropegia huberi Ansari,74.291165,15.797181
Ceropegia huberi Ansari,73.788818,16.946083
Ceropegia huberi Ansari,73.795161,16.942757
Ceropegia huberi Ansari,73.518479,18.495812
Ceropegia huberi Ansari,73.513621,18.491749
Ceropegia huberi Ansari,73.660365,18.106461
Ceropegia lawii Hook.f.,73.775754,19.400018
Ceropegia lawii Hook.f.,73.772705,19.419739
Ceropegia lawii Hook.f.,73.781004,19.42137
Ceropegia lawii Hook.f.,73.5735395,19.921962
Ceropegia lawii Hook.f.,73.579928,19.900414
Ceropegia maccannii Ansari,73.621641,18.28417
Ceropegia maccannii Ansari,73.626528,18.285876
Ceropegia maccannii Ansari,73.642963,18.285361
Ceropegia maccannii Ansari,73.629654,18.268359
Ceropegia maccannii Ansari,73.601897,18.262358
Ceropegia maccannii Ansari,73.608736,18.137644
Ceropegia media (Huber) M.Y.Ansari,73.929332,19.535512
Ceropegia media (Huber) M.Y.Ansari,73.672462,18.107323
Ceropegia media (Huber) M.Y.Ansari,73.786175,17.041094
Ceropegia media (Huber) M.Y.Ansari,73.848169,17.725546
Ceropegia media (Huber) M.Y.Ansari,73.838861,17.732385
Ceropegia media (Huber) M.Y.Ansari,73.849985,17.598646
Ceropegia media (Huber) M.Y.Ansari,73.853997,17.593608
Ceropegia oculata Hook.,74.096421,16.813645
Ceropegia oculata Hook.,74.083449,16.815849
Ceropegia oculata Hook.,74.067438,16.817146
Ceropegia oculata Hook.,74.108358,16.283912
Ceropegia oculata Hook.,73.943953,16.123614
Ceropegia oculata Hook.,73.987111,16.422905
Ceropegia oculata Hook.,73.36836,16.614216
Ceropegia oculata Hook.,73.778994,19.338428
Ceropegia oculata Hook.,73.507656,18.487904
Ceropegia oculata Hook.,73.674707,18.2323
Ceropegia oculata Hook.,73.820258,16.382712
Ceropegia oculata Hook.,73.846749,16.359592
Ceropegia oculata Hook.,73.500265,16.594269
Ceropegia odorata Nimmo ex J. Graham,76.47575,21.437431
Ceropegia odorata Nimmo ex J. Graham,73.348858,18.897512
Ceropegia odorata Nimmo ex J. Graham,73.476044,19.67259
Ceropegia omissa H. Huber,76.889532,9.807594
Ceropegia panchganiensis Blatter & McCann,73.646419,17.922846
Ceropegia panchganiensis Blatter & McCann,73.804966,17.924899
Ceropegia panchganiensis Blatter & McCann,73.807488,17.919116
Ceropegia panchganiensis Blatter & McCann,73.816041,17.929004
Ceropegia panchganiensis Blatter & McCann,73.826914,17.932712
Ceropegia pullaiahii Raja Kullayisw.,78.203611,14.226333
Ceropegia pullaiahii Raja Kullayisw.,78.20432,14.219153
Ceropegia rollae Hemadri,73.671874,19.333628
Ceropegia rollae Hemadri,73.788377,17.240138
Ceropegia rollae Hemadri,73.874295,19.19265
Ceropegia rollae Hemadri,73.74196,17.267163
Ceropegia rollae Hemadri,73.610671,18.138459
Ceropegia rollae Hemadri,73.637969,18.150582
Ceropegia rollae Hemadri,73.675109,18.715897
Ceropegia sahyadrica Ansari & B.G. Kulk. var. sahyadrica,73.980135,16.198677
Ceropegia sahyadrica Ansari & B.G. Kulk. var. sahyadrica,74.162599,15.805834
Ceropegia sahyadrica Ansari & B.G. Kulk. var. sahyadrica,73.357197,18.736
Ceropegia sahyadrica Ansari & B.G. Kulk. var. sahyadrica,73.62819,18.266916
Ceropegia sahyadrica Ansari & B.G. Kulk. var. sahyadrica,73.603608,18.259659
Ceropegia sahyadrica Ansari & B.G. Kulk. var. sahyadrica,73.623385,18.259509
Ceropegia sahyadrica Ansari & B.G. Kulk. var. sahyadrica,73.62427,18.288737
Ceropegia sahyadrica Ansari & B.G. Kulk. var. sahyadrica,73.43993,18.237264
Ceropegia sahyadrica Ansari & B.G. Kulk. var. sahyadrica,73.689359,17.158176
Ceropegia sahyadrica Ansari & B.G. Kulk. var. sahyadrica,73.693688,17.246434
Ceropegia sahyadrica Ansari & B.G. Kulk. var. sahyadrica,73.764213,17.280893
Ceropegia sahyadrica Ansari & B.G. Kulk. var. sahyadrica,73.820978,17.115656
"Ceropegia sahyadrica var. karulensis (Punekar, Tamhankar, Lakshmin., Kumaran, Raut, S.K. Srivast. & Kavade) Kambale & S.R. Yadav",73.840557,16.50795
"Ceropegia sahyadrica var. karulensis (Punekar, Tamhankar, Lakshmin., Kumaran, Raut, S.K. Srivast. & Kavade) Kambale & S.R. Yadav",73.787688,16.766647
"Ceropegia sahyadrica var. karulensis (Punekar, Tamhankar, Lakshmin., Kumaran, Raut, S.K. Srivast. & Kavade) Kambale & S.R. Yadav",73.778679,16.572857
"Ceropegia sahyadrica var. karulensis (Punekar, Tamhankar, Lakshmin., Kumaran, Raut, S.K. Srivast. & Kavade) Kambale & S.R. Yadav",73.836064,16.512692
"Ceropegia sahyadrica var. karulensis (Punekar, Tamhankar, Lakshmin., Kumaran, Raut, S.K. Srivast. & Kavade) Kambale & S.R. Yadav",73.823995,16.506338
"Ceropegia sahyadrica var. karulensis (Punekar, Tamhankar, Lakshmin., Kumaran, Raut, S.K. Srivast. & Kavade) Kambale & S.R. Yadav",73.84617,16.487166
"Ceropegia sahyadrica var. karulensis (Punekar, Tamhankar, Lakshmin., Kumaran, Raut, S.K. Srivast. & Kavade) Kambale & S.R. Yadav",73.87045,16.474772
"Ceropegia sahyadrica var. karulensis (Punekar, Tamhankar, Lakshmin., Kumaran, Raut, S.K. Srivast. & Kavade) Kambale & S.R. Yadav",73.828115,16.47758
"Ceropegia sahyadrica var. karulensis (Punekar, Tamhankar, Lakshmin., Kumaran, Raut, S.K. Srivast. & Kavade) Kambale & S.R. Yadav",73.842829,16.461946
"Ceropegia sahyadrica var. karulensis (Punekar, Tamhankar, Lakshmin., Kumaran, Raut, S.K. Srivast. & Kavade) Kambale & S.R. Yadav",73.818923,16.54579
"Ceropegia sahyadrica var. karulensis (Punekar, Tamhankar, Lakshmin., Kumaran, Raut, S.K. Srivast. & Kavade) Kambale & S.R. Yadav",73.818757,16.524831
Ceropegia santapaui Wadhwa & Ansari,73.821687,17.096673
Ceropegia santapaui Wadhwa & Ansari,73.647919,16.804949
Ceropegia santapaui Wadhwa & Ansari,73.636289,16.756828
Ceropegia santapaui Wadhwa & Ansari,73.710461,16.752698
Ceropegia santapaui Wadhwa & Ansari,73.680932,17.408767
Ceropegia santapaui Wadhwa & Ansari,73.631876,17.446158
Ceropegia santapaui Wadhwa & Ansari,73.634604,17.436628
Ceropegia santapaui Wadhwa & Ansari,73.647089,17.4348
Ceropegia vincifolia Hook.,73.850117,15.55015
Ceropegia vincifolia Hook.,76.551526,11.056072
Ceropegia vincifolia Hook.,72.91116,19.218312
Ceropegia vincifolia Hook.,72.898649,19.202746
Ceropegia vincifolia Hook.,72.931226,19.190354
Ceropegia vincifolia Hook.,72.92593,19.267083
Ceropegia vincifolia Hook.,73.797841,17.728613
Ceropegia vincifolia Hook.,73.799006,17.677349
Ceropegia vincifolia Hook.,73.812634,17.649262
Ceropegia vincifolia Hook.,73.856215,17.630234
Ceropegia vincifolia Hook.,73.877008,17.372108
"Ceropegia andamanica Sreek., Veenak. & Prashanth",92.627646,11.701971
Ceropegia elegans Wall.,76.691912,10.940418
Ceropegia elegans Wall.,76.938276,11.392995
Ceropegia elegans Wall.,77.350117,8.689359
Ceropegia gardneri Thwaites,75.5332697,13.473659
Ceropegia gardneri Thwaites,75.515108,13.409648
Ceropegia gardneri Thwaites,75.491277,13.382671
Ceropegia gardneri Thwaites,75.491922,13.380921
Ceropegia maculata Bedd.,76.603686,10.972874
"Ceropegia manoharii Sujanapal, P.M. Salim, Anil Kumar & Sasidh.",76.075915,11.539667
Ceropegia metziana Miq.,76.58856,10.389403
Ceropegia metziana Miq.,76.378289,10.534912
Ceropegia juncea Roxb.,76.819959,14.718396
Ceropegia juncea Roxb.,79.847407,13.612644
Ceropegia juncea Roxb.,78.853627,15.719627
Ceropegia juncea Roxb.,74.786916,16.190182
Ceropegia juncea Roxb.,74.977462,15.981513
Ceropegia juncea Roxb.,76.625921,11.028879
Ceropegia juncea Roxb.,77.27811,8.922141
Ceropegia juncea Roxb.,78.771363,12.138773
"Ceropegia anantii S.R. Yadav, Sardesai & S.P. Gaikwad",73.724454,16.448567
"Ceropegia anantii S.R. Yadav, Sardesai & S.P. Gaikwad",73.824344,16.380529
"Ceropegia anantii S.R. Yadav, Sardesai & S.P. Gaikwad",73.832194,16.345227
"Ceropegia anantii S.R. Yadav, Sardesai & S.P. Gaikwad",73.844179,16.318226
"Ceropegia anantii S.R. Yadav, Sardesai & S.P. Gaikwad",73.821113,16.42707
"Ceropegia anantii S.R. Yadav, Sardesai & S.P. Gaikwad",73.813593,16.407889
"Ceropegia anantii S.R. Yadav, Sardesai & S.P. Gaikwad",73.875208,16.542337
"Ceropegia anantii S.R. Yadav, Sardesai & S.P. Gaikwad",73.880685,16.641634
"Ceropegia anjanerica Malpure, M.Y.Kamble & S.R.Yadav",73.573102,19.921022
"Ceropegia anjanerica Malpure, M.Y.Kamble & S.R.Yadav",73.575986,19.927768
Ceropegia attenuata Hook.,74.072598,14.94703
Ceropegia attenuata Hook.,73.96535,15.330045
Ceropegia attenuata Hook.,74.434093,14.487768
Ceropegia attenuata Hook.,74.507448,14.137791
Ceropegia attenuata Hook.,74.660014,13.79831
Ceropegia attenuata Hook.,74.902507,13.825571
Ceropegia attenuata Hook.,73.390889,17.233558
Ceropegia attenuata Hook.,73.372542,16.616556
Ceropegia attenuata Hook.,72.91293,19.212512
Ceropegia attenuata Hook.,72.900416,19.16224
Ceropegia attenuata Hook.,73.294054,17.011461
Ceropegia attenuata Hook.,73.141924,17.768905
Ceropegia attenuata Hook.,73.664021,17.948528
Ceropegia attenuata Hook.,73.336145,16.87059
Ceropegia attenuata Hook.,73.42319,17.1429565
Ceropegia attenuata Hook.,72.899155,19.206209
"Ceropegia concanensis Kambale, Chandore & S.R. Yadav",73.620522,15.875233
"Ceropegia concanensis Kambale, Chandore & S.R. Yadav",74.17953,15.790967
Ceropegia fimbriifera Bedd.,77.680576,13.371188
Ceropegia fimbriifera Bedd.,76.524041,11.068467
Ceropegia fimbriifera Bedd.,76.765867,11.499759
Ceropegia fimbriifera Bedd.,74.225458,15.699656
Ceropegia fimbriifera Bedd.,73.547541,16.333695
Ceropegia fimbriifera Bedd.,73.793339,17.743075
Ceropegia fimbriifera Bedd.,73.807421,17.927902
Ceropegia fimbriifera Bedd.,74.020337,15.914693
Ceropegia mahabalei Hemadri & M.Y.Ansari,74.416364,18.925611
"Ceropegia mohanramii S.R. Yadav, M.N. Gavade & Sardesai",73.552188,15.958802
"Ceropegia nampyana Manudev, Kambale & Pramod",75.838611,11.224222
Ceropegia noorjahaniae M.A.Ansari,73.559515,16.029797
Ceropegia noorjahaniae M.A.Ansari,73.783117,16.978866
Ceropegia noorjahaniae M.A.Ansari,73.84394,17.930018
Ceropegia noorjahaniae M.A.Ansari,73.896293,17.919156
Ceropegia spiralis Wight,78.996957,14.240846
Ceropegia spiralis Wight,78.827032,13.469654
Ceropegia spiralis Wight,79.670483,16.189216
Ceropegia spiralis Wight,77.19234,13.368279
Ceropegia spiralis Wight,77.1458009,13.563722
